SHOT ID,TIME IN,TIME OUT,DURATION (s),ACT,LAYER,VOICE-OVER,VISUAL,ASSETS,MOTION,TRANSITION IN,ON-SCREEN TEXT,AUDIO,SOUND CUES,SCIENTIFIC NOTE,LICENSING NOTE
SH01,00:00:00:00,00:00:04:24,4.96,I · Câu hỏi,A,Có những câu hỏi đã đi cùng con người từ rất lâu.,"Bầu trời đêm thật trên đài quan sát. Khung hình rộng, đường chân trời ở 1/4 dưới. Ảnh mở dần từ màn đen.",A01,"Push-in 1,00× → 1,05× tuyến tính suốt shot. Không xoay.",Fade from black 1.6s,"Credit nhỏ góc dưới trái (giây 1,5–4,5 của shot): 'Ảnh: ESO/<tác giả theo trang ảnh>'.","Room tone rất thấp; drone nền bắt đầu ở −36 LUFS, không có giai điệu.",M1,OBSERVATION — ảnh chụp thật. Không chồng thêm sao/ánh sáng.,CC BY 4.0 → bắt buộc credit trên màn hình hoặc trong credit cuối.
SH02,00:00:04:24,00:00:07:17,2.72,I · Câu hỏi,A,Vũ trụ bắt đầu như thế nào?,"Bản đồ CMB của Planck (phép chiếu Mollweide) đặt giữa nền đen, chiếm ~70% chiều ngang.",A02,"Tĩnh, scale 1,00 → 1,03.",Dissolve 0.8s,Credit nhỏ: 'Bức xạ nền vi sóng vũ trụ — ESA và Planck Collaboration'.,Nền giữ nguyên.,,"DATA — bản đồ đã xử lý từ quan sát, cho thấy dao động nhiệt độ rất nhỏ của bức xạ phát ra khoảng 380.000 năm sau Big Bang. Không gọi là 'ảnh chụp khoảnh khắc Big Bang'.",Kiểm tra ESA licence của đúng ảnh tải về.
SH03,00:00:07:17,00:00:10:04,2.48,I · Câu hỏi,A,Sự sống xuất hiện ra sao?,"Stromatolite ở vùng nước nông, ánh sáng tự nhiên, cận cảnh trung bình.",A03,Pan ngang rất chậm (2% chiều rộng).,Dissolve 0.8s,Credit nhỏ theo nguồn được chọn.,Nền giữ nguyên.,,OBSERVATION. Stromatolite hiện đại là cấu trúc tương tự với những dấu vết sự sống cổ nhất; không nói đây là 'sự sống đầu tiên'.,UNKNOWN cho tới khi chọn ảnh — xem phương án thay thế trong A03.
SH04,00:00:10:04,00:00:14:16,4.48,I · Câu hỏi,A,"Vật chất, không gian và thời gian được tổ chức bởi những quy luật nào?",Event display va chạm proton–proton trong detector của LHC — các vết hạt tỏa ra từ tâm.,A04,"Push-in chậm vào điểm va chạm 1,00 → 1,08.",Dissolve 0.8s,Credit nhỏ: 'CERN / <tên thí nghiệm>'.,Nền giữ nguyên.,,DATA — tái dựng sự kiện từ tín hiệu detector. Nếu là 'Higgs candidate' thì gọi đúng là ứng viên.,Xác nhận CC BY 4.0 trên bản ghi CDS.
SH05,00:00:14:16,00:00:23:14,8.92,I–II · Câu hỏi → Khám phá,A,Và vị trí của chúng ta trong vũ trụ rộng lớn này là gì? / Khoa học đã đưa con người tiến rất xa trong việc trả lời những câu hỏi ấy.,Hubble Ultra Deep Field — hàng nghìn thiên hà. Giữ lâu để người xem nhìn.,A05,"Push-in rất chậm 1,00 → 1,12 qua cả hai câu VO.",Dissolve 1.0s,"Credit nhỏ: 'NASA, ESA, S. Beckwith (STScI) và HUDF Team'.",Nền mở rộng nhẹ một bè (pad thấp) ở câu L06.,M2,OBSERVATION. Gần như mọi điểm sáng là một thiên hà; ánh sáng của các thiên hà xa nhất đã đi hơn 13 tỷ năm.,CC BY 4.0 — credit bắt buộc.
SH06,00:00:23:14,00:00:26:14,3.00,II · Khám phá,A,"Chúng ta đã nhìn sâu vào cấu trúc của vật chất,",Ảnh STM các nguyên tử trên bề mặt tinh thể — lưới đều đặn.,A06,"Tĩnh, scale 1,00 → 1,02.",Cut,Credit nhỏ: 'Ảnh STM — NIST'.,Một nốt 'data tone' rất nhẹ ở đầu shot (−30 dB so với VO).,M3,"DATA — ảnh dựng từ dòng xuyên hầm, không phải ảnh quang học.",Xác nhận PD.
SH07,00:00:26:14,00:00:28:22,2.32,II · Khám phá,A,"đọc được thông tin chứa trong sự sống,",Chromatogram giải trình tự DNA — các đỉnh màu theo thứ tự base.,A07,Pan ngang chậm theo chiều đọc trình tự.,Cut,Credit nhỏ: 'NHGRI'.,Nền.,,DATA — tín hiệu đo của máy giải trình tự.,Xác nhận PD.
SH08,00:00:28:22,00:00:32:04,3.28,II · Khám phá,A,"quan sát ánh sáng đã đi qua vũ trụ hàng tỷ năm,",Ảnh Hubble của cụm SMACS 0723.,A08,"Tĩnh, đặt sẵn khung để khớp với SH10.",Cut,"Credit nhỏ: 'ESA/Hubble & NASA, RELICS'.",Nền.,,OBSERVATION.,CC BY 4.0.
SH09,00:00:32:04,00:00:35:05,3.04,II · Khám phá,A,và đưa thiết bị của mình ra ngoài Trái Đất.,"Gương chính của JWST trong phòng sạch — thấy kỹ sư để cảm nhận tỉ lệ (người thật, ảnh thật).",A09,Tilt nhẹ từ dưới lên.,Cut,Credit nhỏ: 'NASA/<nhiếp ảnh gia>'.,Nền.,,Ảnh chụp thật của thiết bị.,NASA PD — không dùng logo NASA.
SH10,00:00:35:05,00:00:38:23,3.72,II · Khám phá,A,Nhưng mỗi khám phá mới lại mở ra những câu hỏi mới.,Trở lại cùng trường nhìn SMACS 0723: wipe dọc chậm từ ảnh Hubble sang ảnh Webb — nhiều thiên hà mờ và cung thấu kính hấp dẫn xuất hiện.,A08; A10,"Wipe trái → phải trong 3,5 s, đường wipe là một vạch mảnh 1 px màu trung tính. Sau wipe giữ tĩnh.",Cut,Nhãn nhỏ hai bên đường wipe: 'Hubble' / 'Webb'. Credit cả hai nguồn.,Nền hạ nhẹ trong khoảng lặng sau câu.,,OBSERVATION. So sánh hợp lệ chỉ khi hai ảnh được căn chỉnh đúng; khác biệt do độ nhạy và bước sóng hồng ngoại.,A08 CC BY 4.0; A10 theo nguồn tải.
SH11,00:00:38:23,00:00:44:00,5.08,III · Con người là một phần của vũ trụ,A,Ta thường nói về khám phá vũ trụ như thể đang quan sát một thế giới bên ngoài.,Earthrise — Trái Đất trên đường chân trời Mặt Trăng.,A11,"Tĩnh, scale 1,00 → 1,04.",Dip to black 1.0s,"Credit nhỏ: 'NASA / Apollo 8 — William Anders, 1968'.",Nhạc rút còn một bè.,M4,OBSERVATION.,NASA PD.
SH12,00:00:44:00,00:00:48:10,4.40,III · Con người là một phần của vũ trụ,A,Nhưng con người chưa bao giờ đứng ngoài tự nhiên.,"Pale Blue Dot — Trái Đất là một điểm sáng rất nhỏ trong vệt sáng tán xạ. Khung rộng, điểm Trái Đất ở 1/3 phải.",A12,"Push-in rất chậm 1,00 → 1,10 hướng về điểm Trái Đất; tiếp tục trong 2 giây im lặng sau câu.",Dissolve 1.6s,"Credit nhỏ: 'Voyager 1, 1990 — NASA/JPL-Caltech (xử lý lại năm 2020)'.",2 giây chỉ còn room tone + một nốt trầm duy nhất.,M5,OBSERVATION. Không làm sáng thêm điểm Trái Đất; không thêm vòng tròn chỉ dẫn.,NASA/JPL PD — credit.
SH13,00:00:48:10,00:00:53:03,4.72,III · Con người là một phần của vũ trụ,C,Vật chất tạo nên chúng ta cũng là vật chất của vũ trụ.,"Nền đen. Sáu ký hiệu nguyên tố xuất hiện lần lượt: H, O, C, N, Ca, P. Hai đường mảnh nối về hai nhãn nguồn gốc: H → 'vũ trụ sơ khai'; O C N Ca P → 'các ngôi sao và vụ nổ sao'.",C01,"Mỗi ký hiệu fade-in 0,6 s, cách nhau 0,35 s; đường nối vẽ dần 1,2 s.",Dissolve 1.2s,Các ký hiệu + hai nhãn nguồn gốc (xem 09_Motion_Graphics_Spec).,Nốt trầm từ SH12 kéo dài; thêm một hòa âm thứ hai rất nhẹ.,,"FACT: hydro hình thành chủ yếu trong vài phút đầu của vũ trụ; C, N, O, Ca, P hình thành chủ yếu trong các ngôi sao và vụ nổ sao. Không nói 'mọi nguyên tử đều từ sao'. Không dùng tỉ lệ phần trăm.",In-house.
SH14,00:00:53:03,00:00:58:00,4.88,III · Con người là một phần của vũ trụ,C,Những quy luật ta tìm cách hiểu cũng chính là quy luật của thế giới ta đang sống.,"Khẩu pháo của Newton: một cung tròn (Trái Đất, sơ đồ), một ngọn núi phóng đại; các quỹ đạo vật ném với vận tốc tăng dần — rơi xuống gần, rơi xa hơn, rồi vòng quanh thành quỹ đạo.",C02,Mỗi quỹ đạo vẽ dần theo thời gian thực của mô phỏng; quỹ đạo cuối khép kín.,Dissolve 0.8s,Nhãn nhỏ góc trên: 'SIMULATION · cùng một định luật hấp dẫn'.,Nền ổn định.,,SIMULATION — tích phân số định luật hấp dẫn Newton cho vật ném từ độ cao h (phóng đại để nhìn thấy). Quỹ đạo tròn đạt khi v = √(GM/r).,"In-house. Ý tưởng theo hình gốc của Newton (1728, public domain)."
SH15,00:00:58:00,00:01:10:16,12.64,IV · Tri thức qua nhiều thế hệ,A,"Tri thức khoa học không được tạo nên trong một khoảnh khắc. / Nó được xây dựng qua nhiều thế hệ — từ quan sát, câu hỏi, thí nghiệm, mô hình, dữ liệu, từ những sai lầm được nhận ra và những hiểu biết được sửa lại.","Bàn tư liệu: bốn trang tư liệu thật đặt cạnh nhau theo thời gian — Galileo 1610 (quan sát), Kepler 1609 (mô hình quỹ đạo), Newton 1687 (định luật), Hubble 1929 (dữ liệu). Năm in nhỏ dưới mỗi trang.",A13; A14; A15; A16,Camera trượt ngang rất chậm từ trái sang phải trong toàn shot; dừng ở biểu đồ Hubble 1929 khi VO nói 'những hiểu biết được sửa lại'.,Dip to black 0.8s,Năm dưới mỗi tư liệu. Tại biểu đồ Hubble: chú thích nhỏ 'Hằng số giãn nở ước tính năm 1929 lớn gấp khoảng 7 lần giá trị ngày nay.',Tiếng giấy rất nhẹ ở đầu shot (tùy chọn); nền.,,FACT: Hubble (1929) ước tính ~500 km/s/Mpc; giá trị hiện nay ~67–73 km/s/Mpc. Ví dụ thật của hiểu biết được sửa lại.,Public domain; kiểm tra chính sách bản scan.
SH16,00:01:10:16,00:01:15:17,5.04,IV → V,C,"Mỗi thế hệ tiếp nhận những gì đã có, kiểm tra lại, và bổ sung một phần mới.","Bốn tư liệu thu nhỏ thành bốn điểm. Các điểm mới xuất hiện theo từng lớp (mỗi lớp là một thế hệ), mỗi điểm nối về điểm cũ. Mạng lưới lớn dần, đều đặn, không ngẫu nhiên.",C03,"Mỗi lớp xuất hiện sau 1,1 s; đường nối vẽ dần.",Dissolve 1.0s,Không chữ.,Nhạc bắt đầu mở: thêm một bè cao rất nhẹ.,M6,"CONCEPTUAL — sơ đồ minh họa tính kế thừa, không biểu diễn dữ liệu.",In-house.
SH17,00:01:15:17,00:01:21:05,5.52,V · VNISES,C,VNISES được xây dựng với mong muốn đóng góp một phần vào hành trình ấy.,Mạng lưới lắng xuống thành hình học đều; một điểm ở trung tâm sáng lên màu vàng ấm. 'VNISES' hiện ở giữa; tên đầy đủ hiện bên dưới sau 1 s.,C04,"Wordmark fade-in 1,2 s + tracking giảm nhẹ (0,08em → 0,04em). Không scale, không flare.",Cut,VNISES / Vietnam Nexus for Interactive Space Exploration and Science,"Điểm mở rộng duy nhất của nhạc trong phim — một hợp âm mở, không trống, không boom.",M7,—,In-house.
SH18,00:01:21:05,00:01:26:21,5.64,VI · Mô hình / dữ liệu / tương tác,B,"Ở đây, khoa học không chỉ được đọc. / Một hiện tượng có thể được quan sát.",Footage thật của VNISES: trang giới thiệu cuộn từ tiêu đề 'Khoa học trở nên gần gũi hơn…' xuống hình quỹ đạo Kepler đang chuyển động (nhãn SIMULATION hiện trên UI).,B01; B07,"Camera giữ ở tiêu đề 1,0 s, trượt có easing tới hình quỹ đạo (1,0–3,4 s), sau đó push-in 1,00 → 1,55 vào hình (3,2–5,8 s). UI vector nên push-in không vỡ hình khi quay ở DPR 2.",Dissolve 0.6s,Không thêm chữ ngoài UI.,Nhạc giữ; không tiếng click giả.,,"SIMULATION, được UI gắn nhãn đúng. Nếu B07 (quan sát Mặt Trời thật) có trên vnises.com thì thay cho câu L18.",VNISES.
SH19,00:01:26:21,00:01:29:22,3.04,VI · Mô hình / dữ liệu / tương tác,B,Một mô hình có thể được thay đổi.,"Phòng thí nghiệm độ lệch tâm: thanh trượt e di chuyển từ 0,10 lên 0,70; elip dẹt dần, các điểm cách đều theo thời gian dồn về viễn điểm.",B02,"Khung cố định zoom 1,25 vào khối lab (thấy nhãn SIMULATION, hình, thanh trượt, bảng số). Con trỏ kéo e 0,10 → 0,70 trong 0,35–2,5 s, có easing.",Cut,Không.,Nền.,,"SIMULATION (Kepler, a cố định).",VNISES.
SH20,00:01:29:22,00:01:33:00,3.12,VI · Mô hình / dữ liệu / tương tác,C,Một giả định có thể được kiểm tra.,"Một quỹ đạo vật ném với nhãn ASSUMPTION 'bỏ qua lực cản không khí'. Bật điều kiện có lực cản: đường thứ hai hiện ra ngắn hơn, thấp hơn, không đối xứng.",C05,"Đường 1 vẽ dần 1,4 s; nhãn giả định gạch đi; đường 2 vẽ dần 1,4 s.",Cut,'ASSUMPTION · bỏ qua lực cản không khí' → 'có lực cản không khí'.,Nền.,,SIMULATION định tính: lực cản tỉ lệ v² làm tầm xa giảm và nhánh rơi dốc hơn nhánh lên.,In-house.
SH21,00:01:33:00,00:01:36:00,3.00,VI · Mô hình / dữ liệu / tương tác,B,Một kết quả có thể được so sánh.,"Phòng thí nghiệm độ lệch tâm: ghim quỹ đạo e = 0,30 làm tham chiếu (nét đứt), kéo e lên 0,75; các tỉ số trong bảng thay đổi.",B03,"Khung như SH19. Con trỏ di tới nút 'Ghim làm quỹ đạo tham chiếu', bấm ở 0,6 s, quay lại thanh trượt và kéo e 0,30 → 0,75 trong 1,05–2,6 s.",Cut,Không.,Nền.,,SIMULATION; các tỉ số được tính đúng từ e.,VNISES.
SH22,00:01:36:00,00:01:39:19,3.76,VI · Mô hình / dữ liệu / tương tác,B,Và một câu hỏi có thể dẫn sang một câu hỏi sâu hơn.,"Khối 'Ví dụ: một câu hỏi, nhiều hướng đi' — câu hỏi 'Vì sao vệ tinh không rơi xuống Trái Đất?' và bốn nhánh.",B04,"Zoom 1,85 vào cột phải; trượt dọc chậm từ câu hỏi xuống nhánh cuối (0,2–4,2 s). Matte tối mép trái che phần sơ đồ không liên quan.",Cut,Không.,Nền.,,Nội dung nhánh đúng vật lý (vệ tinh liên tục rơi nhưng có vận tốc ngang đủ lớn).,VNISES.
SH23,00:01:39:19,00:01:58:04,18.40,VII · Nexus,C,"Bởi khoa học không tồn tại trong những ngăn riêng biệt. / Một câu hỏi về ánh sáng có thể dẫn đến lượng tử, rồi đến thiên văn học. / Một bài toán chuyển động có thể dẫn đến quỹ đạo và du hành không gian. / Một quan sát về thiên hà có thể mở ra câu hỏi về lịch sử của toàn bộ vũ trụ.",Nền graphite. Mở đầu: các lĩnh vực nằm trong những ô ngăn cách bởi vạch mảnh; vạch mờ đi. Sau đó ba chuỗi liên kết lần lượt hình thành thành ba hàng ngang theo từng câu VO.,C06,"Mỗi chuỗi: nút xuất hiện 0,4 s/nút, đường nối vẽ dần. Không chuyển động tự do của nút.",Dip to black 0.8s,Nhãn nút (tiếng Việt): Ánh sáng → Thế giới tự nhiên → Lượng tử → Thiên văn học · Chuyển động → Cơ học → Quỹ đạo → Du hành không gian · Quan sát thiên hà → Vũ trụ học → Lịch sử vũ trụ.,Nhạc có một chuyển động hòa âm nhẹ ở mỗi chuỗi mới.,M8,Các liên kết đúng: phổ ánh sáng ↔ lượng tử ↔ quang phổ thiên văn; cơ học Newton ↔ quỹ đạo ↔ du hành không gian; quan sát thiên hà ↔ vũ trụ học.,In-house.
SH24,00:01:58:04,00:02:00:18,2.56,VII · Nexus,C,Đó là ý nghĩa của Nexus.,"Các liên kết chéo vàng nối ba chuỗi (Thế giới tự nhiên ↔ Cơ học; Quỹ đạo ↔ Thiên văn học; Lượng tử ↔ Vũ trụ học; Thiên văn học ↔ Lịch sử vũ trụ) — các 'ngăn' không còn tách biệt. Dissolve sang sơ đồ Nexus thật của VNISES, một khái niệm được chọn.",C06; B05,"Liên kết chéo vẽ dần 0–1,5 s; dissolve 0,6 s sang footage sơ đồ Nexus thật; con trỏ chọn 'Mô hình' (≈2,4 s của shot).",Cut,Nhãn 'NEXUS · điểm hội tụ giữa các lĩnh vực' góc trên trái.,Nhạc ổn định rồi bắt đầu rút.,,—,In-house + VNISES.
SH25,00:02:00:18,00:02:20:15,19.88,VIII · Scientific integrity,C,"Nhưng khám phá chỉ có ý nghĩa khi đi cùng khả năng kiểm chứng. / Dữ liệu cần có nguồn. / Mô phỏng phải được phân biệt với quan sát. / Giả định cần được nhận diện. / Giới hạn của mô hình cần được thể hiện. / Và khi chưa có đủ bằng chứng, sự chưa chắc chắn cũng cần được nói rõ.","Sơ đồ khái niệm tĩnh, xây theo từng câu: (L29) điểm dữ liệu + nhãn SOURCE; (L30) điểm quan sát đặc vs đường mô phỏng nét đứt; (L31) ranh giới giả định; (L32) vùng ngoài giới hạn gạch chéo + LIMITATIONS; (L33) vùng suy luận mở rộng dần + INFERENCE.",C07,Chỉ fade và vẽ nét; không camera move.,Dip to black 1.0s,OBSERVATION · DATA · SIMULATION · ASSUMPTION · INFERENCE và SOURCE · CONDITIONS · LIMITATIONS (nhãn nhỏ cạnh từng thành phần).,Nhạc rút còn một bè thấp; không âm thanh minh họa.,M9,"CONCEPTUAL — không có số liệu, không có trục số. Nhãn 'SƠ ĐỒ KHÁI NIỆM' cố định góc trên.",In-house.
SH26,00:02:20:15,00:02:32:08,11.72,VIII · Scientific integrity,B,"VNISES không được xây dựng để làm khoa học trông đơn giản hơn thực tế, cũng không để làm nó phức tạp thêm. / Mục tiêu là làm cho con đường từ quan sát đến hiểu biết trở nên rõ ràng hơn.","Footage thật của VNISES: bảng provenance áp dụng cho mô hình quỹ đạo, rồi cuộn lên chuỗi 'Quan sát → Thay đổi → So sánh → Kiểm chứng → Hiểu'.",B06,"Phần 1 (0–6,0 s): trượt dọc chậm qua bảng provenance, zoom 1,2. Dissolve 0,8 s. Phần 2: chuỗi 'Quan sát → … → Hiểu', push-in 1,25 → 1,38 — trùng câu 'con đường từ quan sát đến hiểu biết'.",Dissolve 0.8s,Không.,Nền tối giản.,,—,VNISES.
SH27,00:02:32:08,00:02:41:21,9.52,IX · Những điều chưa biết,A,"Có thể sẽ luôn còn những câu hỏi vượt quá hiểu biết hiện tại của chúng ta. / Và chính vì thế, hành trình khám phá vẫn tiếp tục.","Hubble Ultra Deep Field — lần này kéo ra chậm (ngược với SH05), rồi tối dần về đen.",A05,"Pull-out 1,12 → 1,00; fade to black 1,4 s sau câu L37.",Dip to black 1.2s,Không.,Một bè thấp duy nhất; tắt hẳn trước end card.,M10,OBSERVATION.,CC BY 4.0 (đã credit ở SH05; credit lại trong end card).
SH28,00:02:41:21,00:02:55:12,13.64,X · VNISES,C,VNISES. Vietnam Nexus for Interactive Space Exploration and Science.,Màn đen 1 s im lặng → 'VNISES' → tên đầy đủ → 'vnises.com'. Sau đó thẻ credit hình ảnh.,C08,"Fade 1,0 s từng dòng. Không chuyển động khác.",Cut,VNISES · Vietnam Nexus for Interactive Space Exploration and Science · vnises.com · Credit hình ảnh,"Im lặng 1 s, sau đó một nốt kết rất nhẹ, tắt dần.",M11,—,Credit cho mọi asset CC BY xuất hiện trong phim.
