Asset ID,Layer,Description,Source,Author/Organization,URL,License,Credit requirement,Usage status,Used in shots,Notes
A01,A,"Ảnh chụp bầu trời đêm (dải Ngân Hà) trên một đài quan sát của ESO ở Chile, có công trình kính thiên văn trong khung hình",ESO Image Archive,ESO (European Southern Observatory),https://www.eso.org/public/images/,CC BY 4.0 (theo chính sách ảnh công khai của ESO; xác nhận trên trang của từng ảnh),ESO/<tên nhiếp ảnh gia theo trang ảnh>,TO SELECT + VERIFY,SH01,"Chọn ảnh chụp thật (không phải ảnh ghép), phơi sáng tự nhiên, không xử lý màu quá mức. Ghi đúng mã ảnh ESO khi tải."
A02,A,Bản đồ toàn bầu trời bức xạ nền vi sóng vũ trụ (CMB) của vệ tinh Planck,ESA Multimedia — Planck,ESA and the Planck Collaboration,https://www.esa.int/ESA_Multimedia/Images (tìm: Planck CMB),ESA Standard Licence hoặc CC BY-SA 3.0 IGO tùy ảnh — kiểm tra trên trang ảnh,ESA and the Planck Collaboration,TO SELECT + VERIFY,SH02,"Dùng bản đồ chính thức (phép chiếu Mollweide), không tô màu lại."
A03,A,"Ảnh stromatolite (cấu trúc do vi sinh vật tạo thành), ví dụ Hamelin Pool, vịnh Shark (Tây Úc)","Kho ảnh của cơ quan khoa học/địa chất (ưu tiên USGS, Geoscience Australia) hoặc Wikimedia Commons có licence rõ ràng",UNKNOWN — chọn khi tải,UNKNOWN,"UNKNOWN — chỉ dùng nếu PD, CC0 hoặc CC BY",Theo nguồn được chọn,UNKNOWN — TO SELECT,SH03,"Phương án thay thế nếu không có licence rõ: ảnh vệ tinh Trái Đất (NASA, public domain) cho câu 'Sự sống xuất hiện ra sao?'."
A04,A,Event display va chạm proton–proton thật từ thí nghiệm CMS hoặc ATLAS tại LHC,CERN Document Server (cds.cern.ch),CERN / CMS Collaboration hoặc ATLAS Collaboration,https://cds.cern.ch/,CERN: phần lớn ảnh công bố theo CC BY 4.0 — kiểm tra từng bản ghi,CERN / CMS Collaboration (hoặc ATLAS Experiment © CERN theo bản ghi),TO SELECT + VERIFY,SH04,Chọn event display đã được thí nghiệm công bố chính thức; không dùng ảnh minh họa nghệ thuật.
A05,A,Hubble Ultra Deep Field (2004),ESA/Hubble — heic0406a,"NASA, ESA, S. Beckwith (STScI) and the HUDF Team",https://esahubble.org/images/heic0406a/,CC BY 4.0 (ESA/Hubble),"NASA, ESA, S. Beckwith (STScI) and the HUDF Team",VERIFY,SH05; SH27,"Dùng bản full-resolution; push-in chậm không quá 1,15×."
A06,A,Ảnh kính hiển vi quét xuyên hầm (STM) cho thấy từng nguyên tử trên bề mặt tinh thể,NIST (U.S. National Institute of Standards and Technology) — kho ảnh,NIST,https://www.nist.gov/,Tác phẩm của chính phủ Hoa Kỳ thường thuộc public domain — xác nhận ảnh không do bên thứ ba giữ bản quyền,NIST,TO SELECT + VERIFY,SH06,"Chú thích phải nói rõ đây là ảnh STM (dữ liệu dòng xuyên hầm được hiển thị thành ảnh), không phải 'ảnh chụp' quang học."
A07,A,Biểu đồ giải trình tự DNA (chromatogram) hoặc ảnh thiết bị giải trình tự,NHGRI — genome.gov image gallery,National Human Genome Research Institute,https://www.genome.gov/,Public domain (U.S. Government) — xác nhận trên trang ảnh,Courtesy: National Human Genome Research Institute,TO SELECT + VERIFY,SH07,Không dùng hình DNA phát sáng 3D. Chromatogram là dữ liệu đo thật.
A08,A,Ảnh Hubble của cụm thiên hà SMACS 0723 (chương trình RELICS),ESA/Hubble,"ESA/Hubble & NASA, RELICS",https://esahubble.org/images/ (tìm: SMACS 0723),CC BY 4.0 (ESA/Hubble),"ESA/Hubble & NASA, RELICS",TO SELECT + VERIFY,SH08; SH10,Phải cùng trường nhìn với A10 để làm phép so sánh ở SH10. Căn chỉnh (register) hai ảnh theo các sao/thiên hà sáng.
A09,A,Ảnh chụp gương chính của Kính viễn vọng James Webb trong phòng sạch,NASA Image and Video Library,NASA (ảnh của Chris Gunn hoặc nhiếp ảnh gia NASA khác),https://images.nasa.gov/ (tìm: Webb primary mirror cleanroom),"Public domain theo NASA Media Usage Guidelines (không dùng logo NASA, không ngụ ý NASA bảo trợ)",NASA/<nhiếp ảnh gia>,TO SELECT + VERIFY,SH09,Ảnh chụp thật — không dùng ảnh render của tàu trong không gian (là hình minh họa).
A10,A,"Webb's First Deep Field — SMACS 0723 (NIRCam, công bố 07/2022)",STScI / webbtelescope.org; ESA/Webb,"NASA, ESA, CSA, STScI",https://webbtelescope.org/ (tìm: Webb's First Deep Field),NASA: public domain theo hướng dẫn sử dụng; ESA/Webb: CC BY 4.0 — kiểm tra trên trang ảnh,"NASA, ESA, CSA, STScI",VERIFY,SH10,Wipe so sánh với A08 phải giữ nguyên tỉ lệ và căn chỉnh.
A11,A,"Earthrise — Apollo 8, 24/12/1968, ảnh AS08-14-2383",NASA Image and Video Library,NASA (ảnh chụp bởi phi hành gia William Anders),https://images.nasa.gov/ (tìm: AS08-14-2383),Public domain theo NASA Media Usage Guidelines,NASA / Apollo 8 — William Anders,VERIFY,SH11,Dùng bản scan gốc định hướng theo bản lưu trữ; không xoay/tô màu lại.
A12,A,Pale Blue Dot Revisited (2020) — ảnh Voyager 1 năm 1990 được xử lý lại,NASA/JPL Photojournal — PIA23645,NASA/JPL-Caltech,https://photojournal.jpl.nasa.gov/catalog/PIA23645,Public domain theo chính sách của NASA/JPL (ghi credit),NASA/JPL-Caltech,VERIFY,SH12,"Chú thích nên ghi 'Voyager 1, 1990 — xử lý lại năm 2020'. Không tăng độ sáng điểm Trái Đất."
A13,A,Hình vẽ Mặt Trăng của Galileo Galilei — Sidereus Nuncius (1610),"Bản scan từ thư viện có chính sách mở (ví dụ Library of Congress, e-rara.ch)",Galileo Galilei (1610); thư viện lưu trữ,https://www.loc.gov/ hoặc https://www.e-rara.ch/ (tìm: Sidereus Nuncius),Tác phẩm thuộc public domain; chính sách sử dụng bản scan tùy thư viện — kiểm tra,"Galileo Galilei, Sidereus Nuncius (1610) — <tên thư viện>",TO SELECT + VERIFY,SH15,Không dùng bản scan có licence phi thương mại (NC).
A14,A,Hình quỹ đạo sao Hỏa trong Astronomia Nova của Johannes Kepler (1609),Bản scan thư viện có chính sách mở,Johannes Kepler (1609); thư viện lưu trữ,https://www.e-rara.ch/ hoặc https://www.loc.gov/ (tìm: Astronomia nova),Tác phẩm thuộc public domain; kiểm tra chính sách bản scan,"Johannes Kepler, Astronomia Nova (1609) — <tên thư viện>",TO SELECT + VERIFY,SH15,
A15,A,Trang/hình trong Philosophiæ Naturalis Principia Mathematica của Isaac Newton (1687),Bản scan thư viện có chính sách mở,Isaac Newton (1687); thư viện lưu trữ,https://www.loc.gov/ hoặc https://www.e-rara.ch/ (tìm: Principia 1687),Tác phẩm thuộc public domain; tránh bản scan CC BY-NC (ví dụ một số bộ sưu tập số của đại học),"Isaac Newton, Principia (1687) — <tên thư viện>",TO SELECT + VERIFY,SH15,
A16,A,"Biểu đồ vận tốc – khoảng cách của Edwin Hubble (PNAS, 1929)","Proceedings of the National Academy of Sciences 15(3):168–173, doi:10.1073/pnas.15.3.168",Edwin Hubble (1929),https://doi.org/10.1073/pnas.15.3.168,"Public domain tại Hoa Kỳ (xuất bản 1929, hết hạn 01/01/2025); tác giả mất 1953 — hết hạn ở các nước áp dụng thời hạn đời tác giả + 70 năm. Xác nhận với tư vấn pháp lý nếu phát hành thương mại.","E. Hubble, PNAS 15 (1929)",VERIFY,SH15,Ví dụ thật về hiểu biết được sửa lại: giá trị hằng số giãn nở Hubble ước tính năm 1929 (~500 km/s/Mpc) lớn gấp khoảng 7 lần các giá trị hiện nay (~67–73).
B01,B,Module giới thiệu VNISES — cuộn từ tiêu đề tới hình quỹ đạo Kepler đang chuyển động (scene 01),"vnises-gioithieu.php v1.0 (commit 9d59dd4), render cục bộ",VNISES,repo vankhangtrinh/vnises_gt,Sở hữu của VNISES,—,CAPTURED (offline edit) — RE-CAPTURE trên vnises.com sau khi triển khai,SH18,Module đã được xây dựng nhưng CHƯA xác nhận đang chạy trên vnises.com. Không phát hành bản master nếu module chưa lên site.
B02,B,"Phòng thí nghiệm độ lệch tâm — kéo thanh trượt e từ 0,10 lên 0,70","vnises-gioithieu.php v1.0, scene 04",VNISES,repo vankhangtrinh/vnises_gt,Sở hữu của VNISES,—,CAPTURED (offline edit) — RE-CAPTURE trên vnises.com,SH19,"SIMULATION, có nhãn trên UI."
B03,B,Phòng thí nghiệm độ lệch tâm — ghim quỹ đạo tham chiếu rồi thay đổi e để so sánh,"vnises-gioithieu.php v1.0, scene 04",VNISES,repo vankhangtrinh/vnises_gt,Sở hữu của VNISES,—,CAPTURED (offline edit) — RE-CAPTURE trên vnises.com,SH21,
B04,B,"Khối 'Một câu hỏi, nhiều hướng đi' trong scene Nexus của module giới thiệu","vnises-gioithieu.php v1.0, scene 03",VNISES,repo vankhangtrinh/vnises_gt,Sở hữu của VNISES,—,CAPTURED (offline edit) — RE-CAPTURE trên vnises.com,SH22,
B05,B,Sơ đồ Nexus tương tác — chọn lần lượt các khái niệm,"vnises-gioithieu.php v1.0, scene 03",VNISES,repo vankhangtrinh/vnises_gt,Sở hữu của VNISES,—,CAPTURED (offline edit) — RE-CAPTURE trên vnises.com,SH24,
B06,B,Chuỗi phương pháp 'Quan sát → Thay đổi → So sánh → Kiểm chứng → Hiểu' và bảng provenance,"vnises-gioithieu.php v1.0, scene 04 & 07",VNISES,repo vankhangtrinh/vnises_gt,Sở hữu của VNISES,—,CAPTURED (offline edit) — RE-CAPTURE trên vnises.com,SH26,
B07,B,"(Tùy chọn, nâng cấp) Module quan sát Mặt Trời / Trạm Vũ trụ trên vnises.com hiển thị ảnh SDO thật kèm nguồn",vnises.com — Trạm Vũ trụ,VNISES (dữ liệu: NASA/SDO),https://vnises.com,"UI: VNISES; ảnh SDO: theo chính sách dữ liệu SDO (ghi credit 'Courtesy of NASA/SDO and the AIA, EVE, and HMI science teams')","Courtesy of NASA/SDO and the AIA, EVE, and HMI science teams",TO CAPTURE — chỉ khi module đang hoạt động,SH18,"Nếu dùng: thay B01 ở SH18 (câu 'Một hiện tượng có thể được quan sát'). Phải hiển thị nguồn và thời điểm dữ liệu đúng như UI thật, không dựng lại."
C01,C,Các nguyên tố chính trong cơ thể người và nguồn gốc của chúng,Dựng trong gói (film/src/render),VNISES,—,Sở hữu của VNISES,—,IN-HOUSE,SH13,Không dùng số phần trăm; chỉ phân loại nguồn gốc.
C02,C,Khẩu pháo của Newton — quỹ đạo tính bằng tích phân số (mô hình hấp dẫn Newton),Dựng trong gói,VNISES,—,Sở hữu của VNISES,—,IN-HOUSE,SH14,"SIMULATION; Trái Đất vẽ dạng sơ đồ, độ cao núi phóng đại."
C03,C,Mạng tri thức tích lũy qua nhiều thế hệ → hội tụ thành VNISES,Dựng trong gói,VNISES,—,Sở hữu của VNISES,—,IN-HOUSE,SH16,"Bố cục tất định, không ngẫu nhiên."
C04,C,Lộ diện VNISES,Dựng trong gói,VNISES,—,Sở hữu của VNISES,—,IN-HOUSE,SH17,
C05,C,Kiểm tra giả định: quỹ đạo vật ném có/không có lực cản không khí,Dựng trong gói,VNISES,—,Sở hữu của VNISES,—,IN-HOUSE,SH20,"SIMULATION; định tính, không đơn vị."
C06,C,Mạng Nexus xây dần theo ba chuỗi liên kết,Dựng trong gói,VNISES,—,Sở hữu của VNISES,—,IN-HOUSE,SH23; SH24,
C07,C,Sơ đồ phân loại thông tin: OBSERVATION / DATA / SIMULATION / ASSUMPTION / INFERENCE + SOURCE / CONDITIONS / LIMITATIONS,Dựng trong gói,VNISES,—,Sở hữu của VNISES,—,IN-HOUSE,SH25,"Sơ đồ khái niệm, không có số liệu."
C08,C,End card VNISES + credit hình ảnh,Dựng trong gói,VNISES,—,Sở hữu của VNISES,—,IN-HOUSE,SH28,
