EVENT,SHOT ID,LAYER,RECORD IN,RECORD OUT,DURATION (frames),ASSET IDS,SOURCE CLIP,SOURCE IN,SOURCE OUT,TRANSITION IN,TRANSITION DUR (s),VO IDS,VO TEXT,ON-SCREEN TEXT,TYPOGRAPHY,SOUND CUE,MOTION / NOTES
1,SH01,A,00:00:00:00,00:00:04:24,124,A01,renders/clips/SH01.mp4,00:00:00:20,00:00:05:19,Fade from black,1.60,L01,Có những câu hỏi đã đi cùng con người từ rất lâu.,"Credit nhỏ góc dưới trái (giây 1,5–4,5 của shot): 'Ảnh: ESO/<tác giả theo trang ảnh>'.",T5 credit line,M1,"Push-in 1,00× → 1,05× tuyến tính suốt shot. Không xoay."
2,SH02,A,00:00:04:24,00:00:07:17,68,A02,renders/clips/SH02.mp4,00:00:00:10,00:00:03:13,Dissolve,0.80,L02,Vũ trụ bắt đầu như thế nào?,Credit nhỏ: 'Bức xạ nền vi sóng vũ trụ — ESA và Planck Collaboration'.,T5 credit line,,"Tĩnh, scale 1,00 → 1,03."
3,SH03,A,00:00:07:17,00:00:10:04,62,A03,renders/clips/SH03.mp4,00:00:00:10,00:00:03:07,Dissolve,0.80,L03,Sự sống xuất hiện ra sao?,Credit nhỏ theo nguồn được chọn.,T5 credit line,,Pan ngang rất chậm (2% chiều rộng).
4,SH04,A,00:00:10:04,00:00:14:16,112,A04,renders/clips/SH04.mp4,00:00:00:10,00:00:05:07,Dissolve,0.80,L04,"Vật chất, không gian và thời gian được tổ chức bởi những quy luật nào?",Credit nhỏ: 'CERN / <tên thí nghiệm>'.,T5 credit line,,"Push-in chậm vào điểm va chạm 1,00 → 1,08."
5,SH05,A,00:00:14:16,00:00:23:14,223,A05,renders/clips/SH05.mp4,00:00:00:08,00:00:09:18,Dissolve,1.00,L05; L06,Và vị trí của chúng ta trong vũ trụ rộng lớn này là gì? / Khoa học đã đưa con người tiến rất xa trong việc trả lời những câu hỏi ấy.,"Credit nhỏ: 'NASA, ESA, S. Beckwith (STScI) và HUDF Team'.",T5 credit line,M2,"Push-in rất chậm 1,00 → 1,12 qua cả hai câu VO."
6,SH06,A,00:00:23:14,00:00:26:14,75,A06,renders/clips/SH06.mp4,00:00:00:20,00:00:03:20,Cut,0.00,L07a,"Chúng ta đã nhìn sâu vào cấu trúc của vật chất,",Credit nhỏ: 'Ảnh STM — NIST'.,T5 credit line,M3,"Tĩnh, scale 1,00 → 1,02."
7,SH07,A,00:00:26:14,00:00:28:22,58,A07,renders/clips/SH07.mp4,00:00:00:20,00:00:03:03,Cut,0.00,L07b,"đọc được thông tin chứa trong sự sống,",Credit nhỏ: 'NHGRI'.,T5 credit line,,Pan ngang chậm theo chiều đọc trình tự.
8,SH08,A,00:00:28:22,00:00:32:04,82,A08,renders/clips/SH08.mp4,00:00:00:20,00:00:04:02,Cut,0.00,L07c,"quan sát ánh sáng đã đi qua vũ trụ hàng tỷ năm,","Credit nhỏ: 'ESA/Hubble & NASA, RELICS'.",T5 credit line,,"Tĩnh, đặt sẵn khung để khớp với SH10."
9,SH09,A,00:00:32:04,00:00:35:05,76,A09,renders/clips/SH09.mp4,00:00:00:20,00:00:03:21,Cut,0.00,L07d,và đưa thiết bị của mình ra ngoài Trái Đất.,Credit nhỏ: 'NASA/<nhiếp ảnh gia>'.,T5 credit line,,Tilt nhẹ từ dưới lên.
10,SH10,A,00:00:35:05,00:00:38:23,93,A08; A10,renders/clips/SH10.mp4,00:00:00:20,00:00:04:13,Cut,0.00,L08,Nhưng mỗi khám phá mới lại mở ra những câu hỏi mới.,Nhãn nhỏ hai bên đường wipe: 'Hubble' / 'Webb'. Credit cả hai nguồn.,T5 credit line,,"Wipe trái → phải trong 3,5 s, đường wipe là một vạch mảnh 1 px màu trung tính. Sau wipe giữ tĩnh."
11,SH11,A,00:00:38:23,00:00:44:00,127,A11,renders/clips/SH11.mp4,00:00:00:08,00:00:05:22,Dip to black,1.00,L09,Ta thường nói về khám phá vũ trụ như thể đang quan sát một thế giới bên ngoài.,"Credit nhỏ: 'NASA / Apollo 8 — William Anders, 1968'.",T5 credit line,M4,"Tĩnh, scale 1,00 → 1,04."
12,SH12,A,00:00:44:00,00:00:48:10,110,A12,renders/clips/SH12.mp4,00:00:00:00,00:00:05:05,Dissolve,1.60,L10,Nhưng con người chưa bao giờ đứng ngoài tự nhiên.,"Credit nhỏ: 'Voyager 1, 1990 — NASA/JPL-Caltech (xử lý lại năm 2020)'.",T5 credit line,M5,"Push-in rất chậm 1,00 → 1,10 hướng về điểm Trái Đất; tiếp tục trong 2 giây im lặng sau câu."
13,SH13,C,00:00:48:10,00:00:53:03,118,C01,renders/clips/SH13.mp4,00:00:00:05,00:00:05:13,Dissolve,1.20,L11,Vật chất tạo nên chúng ta cũng là vật chất của vũ trụ.,Các ký hiệu + hai nhãn nguồn gốc (xem 09_Motion_Graphics_Spec).,T3 nhãn mono + T4 nhãn sans (xem 10_Color_Typography_Spec),,"Mỗi ký hiệu fade-in 0,6 s, cách nhau 0,35 s; đường nối vẽ dần 1,2 s."
14,SH14,C,00:00:53:03,00:00:58:00,122,C02,renders/clips/SH14.mp4,00:00:00:10,00:00:05:17,Dissolve,0.80,L12,Những quy luật ta tìm cách hiểu cũng chính là quy luật của thế giới ta đang sống.,Nhãn nhỏ góc trên: 'SIMULATION · cùng một định luật hấp dẫn'.,T3 nhãn mono + T4 nhãn sans (xem 10_Color_Typography_Spec),,Mỗi quỹ đạo vẽ dần theo thời gian thực của mô phỏng; quỹ đạo cuối khép kín.
15,SH15,A,00:00:58:00,00:01:10:16,316,A13; A14; A15; A16,renders/clips/SH15.mp4,00:00:00:10,00:00:13:11,Dip to black,0.80,L13; L14,"Tri thức khoa học không được tạo nên trong một khoảnh khắc. / Nó được xây dựng qua nhiều thế hệ — từ quan sát, câu hỏi, thí nghiệm, mô hình, dữ liệu, từ những sai lầm được nhận ra và những hiểu biết được sửa lại.",Năm dưới mỗi tư liệu. Tại biểu đồ Hubble: chú thích nhỏ 'Hằng số giãn nở ước tính năm 1929 lớn gấp khoảng 7 lần giá trị ngày nay.',T5 credit line,,Camera trượt ngang rất chậm từ trái sang phải trong toàn shot; dừng ở biểu đồ Hubble 1929 khi VO nói 'những hiểu biết được sửa lại'.
16,SH16,C,00:01:10:16,00:01:15:17,126,C03,renders/clips/SH16.mp4,00:00:00:08,00:00:05:21,Dissolve,1.00,L15,"Mỗi thế hệ tiếp nhận những gì đã có, kiểm tra lại, và bổ sung một phần mới.",Không chữ.,T3 nhãn mono + T4 nhãn sans (xem 10_Color_Typography_Spec),M6,"Mỗi lớp xuất hiện sau 1,1 s; đường nối vẽ dần."
17,SH17,C,00:01:15:17,00:01:21:05,138,C04,renders/clips/SH17.mp4,00:00:00:20,00:00:06:08,Cut,0.00,L16,VNISES được xây dựng với mong muốn đóng góp một phần vào hành trình ấy.,VNISES / Vietnam Nexus for Interactive Space Exploration and Science,T1 wordmark + T2 tên đầy đủ,M7,"Wordmark fade-in 1,2 s + tracking giảm nhẹ (0,08em → 0,04em). Không scale, không flare."
18,SH18,B,00:01:21:05,00:01:26:21,141,B01; B07,renders/clips/B01.mp4,00:00:00:12,00:00:06:11,Dissolve,0.60,L17; L18,"Ở đây, khoa học không chỉ được đọc. / Một hiện tượng có thể được quan sát.",Không thêm chữ ngoài UI.,Không thêm chữ ngoài UI,,"Camera giữ ở tiêu đề 1,0 s, trượt có easing tới hình quỹ đạo (1,0–3,4 s), sau đó push-in 1,00 → 1,55 vào hình (3,2–5,8 s). UI vector nên push-in không vỡ hình khi quay ở DPR 2."
19,SH19,B,00:01:26:21,00:01:29:22,76,B02,renders/clips/B02.mp4,00:00:00:20,00:00:03:21,Cut,0.00,L19,Một mô hình có thể được thay đổi.,Không.,Không thêm chữ ngoài UI,,"Khung cố định zoom 1,25 vào khối lab (thấy nhãn SIMULATION, hình, thanh trượt, bảng số). Con trỏ kéo e 0,10 → 0,70 trong 0,35–2,5 s, có easing."
20,SH20,C,00:01:29:22,00:01:33:00,78,C05,renders/clips/SH20.mp4,00:00:00:20,00:00:03:23,Cut,0.00,L20,Một giả định có thể được kiểm tra.,'ASSUMPTION · bỏ qua lực cản không khí' → 'có lực cản không khí'.,T3 nhãn mono + T4 nhãn sans (xem 10_Color_Typography_Spec),,"Đường 1 vẽ dần 1,4 s; nhãn giả định gạch đi; đường 2 vẽ dần 1,4 s."
21,SH21,B,00:01:33:00,00:01:36:00,75,B03,renders/clips/B03.mp4,00:00:00:20,00:00:03:20,Cut,0.00,L21,Một kết quả có thể được so sánh.,Không.,Không thêm chữ ngoài UI,,"Khung như SH19. Con trỏ di tới nút 'Ghim làm quỹ đạo tham chiếu', bấm ở 0,6 s, quay lại thanh trượt và kéo e 0,30 → 0,75 trong 1,05–2,6 s."
22,SH22,B,00:01:36:00,00:01:39:19,94,B04,renders/clips/B04.mp4,00:00:00:20,00:00:04:14,Cut,0.00,L22,Và một câu hỏi có thể dẫn sang một câu hỏi sâu hơn.,Không.,Không thêm chữ ngoài UI,,"Zoom 1,85 vào cột phải; trượt dọc chậm từ câu hỏi xuống nhánh cuối (0,2–4,2 s). Matte tối mép trái che phần sơ đồ không liên quan."
23,SH23,C,00:01:39:19,00:01:58:04,460,C06,renders/clips/SH23.mp4,00:00:00:10,00:00:19:05,Dip to black,0.80,L23; L24; L25; L26,"Bởi khoa học không tồn tại trong những ngăn riêng biệt. / Một câu hỏi về ánh sáng có thể dẫn đến lượng tử, rồi đến thiên văn học. / Một bài toán chuyển động có thể dẫn đến quỹ đạo và du hành không gian. / Một quan sát về thiên hà có thể mở ra câu hỏi về lịch sử của toàn bộ vũ trụ.",Nhãn nút (tiếng Việt): Ánh sáng → Thế giới tự nhiên → Lượng tử → Thiên văn học · Chuyển động → Cơ học → Quỹ đạo → Du hành không gian · Quan sát thiên hà → Vũ trụ học → Lịch sử vũ trụ.,T3 nhãn mono + T4 nhãn sans (xem 10_Color_Typography_Spec),M8,"Mỗi chuỗi: nút xuất hiện 0,4 s/nút, đường nối vẽ dần. Không chuyển động tự do của nút."
24,SH24,C,00:01:58:04,00:02:00:18,64,C06; B05,"renders/_comp/SH24.mp4 (= clips/SH24.mp4 → dissolve 0,6 s → clips/B05.mp4)",00:00:00:20,00:00:03:09,Cut,0.00,L27,Đó là ý nghĩa của Nexus.,Nhãn 'NEXUS · điểm hội tụ giữa các lĩnh vực' góc trên trái.,T3 nhãn mono + T4 nhãn sans (xem 10_Color_Typography_Spec),,"Liên kết chéo vẽ dần 0–1,5 s; dissolve 0,6 s sang footage sơ đồ Nexus thật; con trỏ chọn 'Mô hình' (≈2,4 s của shot)."
25,SH25,C,00:02:00:18,00:02:20:15,497,C07,renders/clips/SH25.mp4,00:00:00:08,00:00:20:17,Dip to black,1.00,L28; L29; L30; L31; L32; L33,"Nhưng khám phá chỉ có ý nghĩa khi đi cùng khả năng kiểm chứng. / Dữ liệu cần có nguồn. / Mô phỏng phải được phân biệt với quan sát. / Giả định cần được nhận diện. / Giới hạn của mô hình cần được thể hiện. / Và khi chưa có đủ bằng chứng, sự chưa chắc chắn cũng cần được nói rõ.",OBSERVATION · DATA · SIMULATION · ASSUMPTION · INFERENCE và SOURCE · CONDITIONS · LIMITATIONS (nhãn nhỏ cạnh từng thành phần).,T3 nhãn mono + T4 nhãn sans (xem 10_Color_Typography_Spec),M9,Chỉ fade và vẽ nét; không camera move.
26,SH26,B,00:02:20:15,00:02:32:08,293,B06,"renders/_comp/SH26.mp4 (= clips/B06a.mp4 → dissolve 0,8 s → clips/B06b.mp4)",00:00:00:10,00:00:12:13,Dissolve,0.80,L34; L35,"VNISES không được xây dựng để làm khoa học trông đơn giản hơn thực tế, cũng không để làm nó phức tạp thêm. / Mục tiêu là làm cho con đường từ quan sát đến hiểu biết trở nên rõ ràng hơn.",Không.,Không thêm chữ ngoài UI,,"Phần 1 (0–6,0 s): trượt dọc chậm qua bảng provenance, zoom 1,2. Dissolve 0,8 s. Phần 2: chuỗi 'Quan sát → … → Hiểu', push-in 1,25 → 1,38 — trùng câu 'con đường từ quan sát đến hiểu biết'."
27,SH27,A,00:02:32:08,00:02:41:21,238,A05,renders/clips/SH27.mp4,00:00:00:05,00:00:10:08,Dip to black,1.20,L36; L37,"Có thể sẽ luôn còn những câu hỏi vượt quá hiểu biết hiện tại của chúng ta. / Và chính vì thế, hành trình khám phá vẫn tiếp tục.",Không.,T5 credit line,M10,"Pull-out 1,12 → 1,00; fade to black 1,4 s sau câu L37."
28,SH28,C,00:02:41:21,00:02:55:12,341,C08,renders/clips/SH28.mp4,00:00:00:20,00:00:14:11,Cut,0.00,L38,VNISES. Vietnam Nexus for Interactive Space Exploration and Science.,VNISES · Vietnam Nexus for Interactive Space Exploration and Science · vnises.com · Credit hình ảnh,T1 wordmark + T2 tên đầy đủ + T7 URL + T5 credit,M11,"Fade 1,0 s từng dòng. Không chuyển động khác."
